ID,Nombre,Dirección,Ciudad,País,Teléfono,Horario,Instagram,Tipo,Estado
1,"Rabito Feliz","Victor Troncoso Muñoz 142","Buin","CL","+56 9 9101 0837","Lun-Vie: 10-21 | Sáb-Dom: 10-20","https://www.instagram.com/veterinariarabitofeliz","physical","active"
2,"El Raco Pet (Online)",,"Buin","CL","+56 9 7482 6988","Lun-Sáb: 9-20 | Dom: 9-20","https://www.instagram.com/elracopet","online","active"
3,"SPVet Buin","Arturo Prat 705, Buin","Buin","CL","+56 9 5766 6227","Lun-Vie: 9-19 | Sáb: 9-14","https://www.instagram.com/spvetbuin","physical","active"
4,"Pet Shop Lover","La Primavera 1231, Cerrillos","Cerrillos","CL","+56 9 6819 3688","Lun-Sáb: 10:30-19:30","https://www.instagram.com/petshoplovers.CL","physical","active"
5,"Magrey Petstore (Online)","Colina, Región Metropolitana, Chile","Colina","CL","Ver Instagram","Online","https://www.instagram.com/magrey_petstore","online","active"
6,"Tecno Jardín","Caletera Ote. Gral San Martin 12800","Colina","CL","+56 9 8158 4883","Consultar","https://www.instagram.com/tecno.jardin","physical","active"
7,"Mascotas Dor","Av. Chicureo 1920 M4","Chicureo","CL","+56 9 9799 4883","Consultar","https://www.instagram.com/mascotasdor","physical","active"
8,"Dulanto","Solo Despacho y WhatsApp","Chicureo","CL","+56 9 9333 0289","Consultar",,"online","active"
9,"Petstore CL","Caletera Los Libertadores 22909, T6","Colina","CL","+56 9 4020 1376",,"https://www.instagram.com/petstore_chile","physical","active"
10,"Petvilles (Online)","Huechuraba, Región Metropolitana, Chile","Huechuraba","CL","+56 9 6716 1744","Online","https://www.instagram.com/petvillespg","online","active"
11,"Alimentos San Ignacio","Av. El Parrón 0420, La Cisterna","La Cisterna","CL","+56 9 4947 3216","Lun-Vie: 10-18 | Sáb: 10-16:30","https://www.instagram.com/sanignaciopetshop","physical","active"
12,"Milla Pets","La Blanca 0135, La Cisterna","La Cisterna","CL","+56 9 5860 1638","Lun-Vie: 9-19 | Sáb: 9-17","https://www.instagram.com/millapets.spa","physical","active"
13,"RazasPet (Las Condes)","Av. Cristóbal Colón 4191","Las Condes","CL","+56 9 5447 8959","Lun-Vie: 10-20 | Sáb: 10:30-20","https://www.instagram.com/razaspet.CL","physical","active"
14,"Pet Vet","Avda. Pdte. Sebastián Piñera E. 343","Las Condes","CL","+56 9 8728 1807","Lun-Jue: 8:30-18:00 | Vie: 8:30-17","https://www.instagram.com/petvet.CL","physical","active"
15,"Laika (Online)","Las Condes, Región Metropolitana, Chile","Las Condes","CL","Online","24/7 Web","https://www.instagram.com/laikamascotas_chile","online","active"
16,"La Guarida Pet","Av. La Florida 8220, Local 21","La Florida","CL","+56 9 2031 6941","Lun-Dom: 10:30-20:30","https://www.instagram.com/laguaridapet.CL","physical","active"
17,"Walker Pets (Sucursal 1)","Walker Martínez 1195","La Florida","CL","+56 9 2393 9391","Lun-Sáb: 11-21 | Dom: 11-20","https://www.instagram.com/walkerpets_chile","physical","active"
18,"Walker Pets (Sucursal 2)","Av. La Florida 7623","La Florida","CL","+56 9 2393 9391","Lun-Sáb: 11-21 | Dom: 11-20",,"physical","active"
19,"Kamay Pet","Lo Cañas 3517, local 5","La Florida","CL","+56 9 6640 5892","Consultar","https://www.instagram.com/kamaypet","physical","active"
20,"Pet Kingdom Marilú","Cam. San Francisco de Asis 155","Lo Barnechea","CL","+56 9 6855 1068","Lun-Jue: 9:30-18:30","https://www.instagram.com/petkingdom.CL","physical","active"
21,"Maskotips","Comuna 5273, Lo Prado","Lo Prado","CL","+56 9 4926 6783","Lun-Dom: 10:00-20:00","https://www.instagram.com/maskotips_chile","physical","active"
22,"Locura Animal","Del Rey 1806, Maipu","Maipú","CL","+56 9 6334 8693","Lunes a Viernes: 15:30 a 20:00 Sábado: 12:30 a 16:00","https://www.instagram.com/locuranimalchile?igsh=MTRhbjFhODU3bjJrYg==","physical","active"
23,"RazasPet (Ñuñoa)","Irarrázaval 2600","Ñuñoa","CL","+56 9 5447 8959","Lun-Vie: 10-20 | Sáb: 10:30-20","https://www.instagram.com/razaspet.CL","physical","active"
24,"Delivet","Tobalaba 1781 (Providencia/Ñuñoa)","Ñuñoa","CL","+56 9 9495 7605","Lun-Vie: 9-19 | Sáb: 9-18",,"physical","active"
25,"Pet Bronx","Primera Transversal #731","Padre Hurtado","CL","+56 9 5710 4471","Lun-Sáb: 09-19 | Dom: 10:30-19","https://www.instagram.com/pet_bronx","physical","active"
26,"Como Como Animal","Peñaflor (Sucursal 2)","Peñaflor","CL","+56 9 2882 5231","Lun-Jue: 8:30-18 | Vie-Sáb: 8:30-17","https://www.instagram.com/comocomoanimal","physical","active"
27,"La Granja Pet","Antupiren 8340 Local 7","Peñalolén","CL","+56 9 6225 9834","Lun-Sáb: 10-20 | Dom: 10-19","https://www.instagram.com/lagranjapets","physical","active"
28,"Kundi Pets","Pocuro 1875, local 9","Providencia","CL","+56 9 3423 7023","Lun-Sáb: 9:30-20 | Dom: 9:30-15","https://www.instagram.com/kundi.CL","physical","active"
29,"RazasPet (Seminario)","Seminario 502","Providencia","CL","+56 9 5447 8959","Lun-Vie: 10-20 | Sáb: 10:30-20",,"physical","active"
30,"RazasPet (Los Leones)","Av. Los Leones 211","Providencia","CL","+56 9 5447 8959","Lun-Vie: 10-20 | Sáb: 10:30-20",,"physical","active"
31,"Mr Pet Animal","Av. Pedro de Valdivia 195D","Providencia","CL","+56 9 4036 5888","Lun-Vie: 9-15 | Sáb: 10-14","https://www.instagram.com/mrpetanimal.CL","physical","active"
32,"4Pets","Av. El Canal 19999, C. de los Valles","Pudahuel","CL","+56 9 3496 6535","Lun-Sáb: 10-20 | Dom: 10:30-14","https://www.instagram.com/comercial4pets","physical","active"
33,"Cat Dog","León Rojo 8981","Pudahuel","CL","+56 9 9890 2957","Lun-Sáb: 11-21","https://www.instagram.com/alimentos_catdog","physical","active"
34,"Firulais Creta Norte","Creta Norte 3445","Puente Alto","CL","+56 9 7380 8856","Lun-Sáb: 10-20 | Dom: 10-16","https://www.instagram.com/firulaiscretanorte","physical","active"
35,"Amor del Bueno","Av. Troncal San Francisco 3205","Puente Alto","CL","+56 9 9305 2198","Lun-Vie: 10-19 | Sáb: 10-18","https://www.instagram.com/amordelbuenomascota","physical","active"
36,"Amigales.CL","Compañía de Jesús 1214, Espacio M","Santiago","CL","+56 9 5135 7426","Lun-Jue: 9:30-19:30 (cortado)","https://www.instagram.com/amigales.CL","physical","active"
37,"Pethome","José Toribio Medina 99","Santiago","CL","+56 9 5648 0485","Lun-Sáb: 11-19","https://www.instagram.com/pethomechile","physical","active"
38,"RazasPet (Barra)","José Miguel de la Barra 456","Santiago","CL","+56 9 5447 8959","Lun-Vie: 10-20 | Sáb: 10:30-20",,"physical","active"
39,"Pet Shop Paul","Av. Portales Oriente 1440","San Bernardo","CL","+56 9 2259 8717","Lun-Sáb: 10:00-20:30",,"physical","active"
40,"RazasPet (San Miguel)","Gran Avenida 4251","San Miguel","CL","+56 9 5447 8959","Lun-Vie: 10-20 | Sáb: 10:30-20",,"physical","active"
41,"Mr Pet Animal (Vitacura)","Los Cobres de Vitacura, Local A07","Vitacura","CL","+56 9 4036 5888","Lun-Vie: 9-15 | Sáb: 10-14",,"physical","active"
42,"Catalina Latorre (AniFeeding)","Chicureo, Colina, Región Metropolitana, Chile","Chicureo","CL","+56 9 9441 2763",,"https://www.instagram.com/anifeeding?igsh=MW5wNHlicjBybThycA==","online","active"
43,"Pups Pet Supply Spa","La Cisterna, Región Metropolitana, Chile","La Cisterna","CL",,,"https://www.instagram.com/pups.petsupply?igsh=ZnBiN3FxaHcxZDQz","online","active"
44,"TodoPets CL","Las Condes, Región Metropolitana, Chile","Las Condes","CL",,,"https://www.instagram.com/todopetschile?igsh=MXNlY3dpM2M5aGNkbA==","online","active"
45,"SoyPet.CL","Av. Perú 761, Recoleta","Recoleta","CL","+56 9 5635 3931","Lunes a Sábado: 12:00 - 20:00","https://www.instagram.com/soypet_oficial?igsh=MTFrZTdybmU5bmRuZw==","online","active"
46,"Bungy Pets","Arica y Parinacota, Chile","Arica","CL","+56 9 5620 3844",,,"online","active"
47,"AyudaPet","Iquique, Tarapacá, Chile","Iquique","CL","+56 9 8163 5334",,,"online","active"
48,"Vet Iquique","Iquique, Tarapacá, Chile","Iquique","CL","+56 9 9295 9254",,,"online","active"
49,"Comercializadora For Pets","Antofagasta, Chile","Antofagasta","CL","+56 9 6454 3556",,,"online","active"
50,"Camada PetShop","Concón, Valparaíso, Chile","Concón","CL","+56 9 7742 6138",,,"online","active"
51,"Súper Mascotas","Viña del Mar, Valparaíso, Chile","Viña del Mar","CL","+56 9 8451 0025",,,"online","active"
52,"Como Gatos y Perros","Valparaíso, Chile","Valparaíso","CL","+56 9 4442 1551",,,"online","active"
53,"Provet Farmacia","Rancagua, O'Higgins, Chile","Rancagua","CL",,,"https://www.instagram.com/provetfarmacia/","online","active"
54,"Muevelacolita Sisi","Talca, Maule, Chile","Talca","CL",,,"https://www.instagram.com/muevelacolita_sisi","online","active"
55,"HVC Concepción","Concepción, Bío Bío, Chile","Concepción","CL",,,"https://www.instagram.com/hvc.concepcion?igsh=eGl0anVoNWpxM3V2","online","active"
56,"Comida Mascotas TCO","Temuco, Araucanía, Chile","Temuco","CL",,,"https://www.instagram.com/comidamascotas_tco","online","active"
57,"Small Pets Puerto Montt","Puerto Montt, Los Lagos, Chile","Puerto Montt","CL","+56 9 7209 5744",,,"online","active"
58,"Enoch Morón","Av. Flavio Reyes, Barrio Umiña","Manta","EC","+593 95 958 3655",,,"physical","active"
59,"City Pet","Guayaquil, Ecuador","Guayaquil","EC","+593 98 008 2032",,"https://www.instagram.com/citypetec/?hl=es","online","active"
60,"Dr. Pet (Vía a la costa)","Km 9.8 vía a la costa","Guayaquil","EC","+593 99 504 8598",,"https://www.instagram.com/drpetguayaquil/?hl=es","physical","active"
61,"Pet Point La Joya","Plaza tía la Joya, locales 17 y 18","Daule","EC","+593 98 501 3548",,"https://www.instagram.com/petpointec/?hl=es","physical","active"
62,"Empire Pet's","Guayaquil, Ecuador","Guayaquil","EC","+593 99 029 9017",,"https://www.instagram.com/empirepets_ec/?locale=th-TH&hl=en","online","active"
63,"El Avicultor","Guayaquil, Ecuador","Guayaquil","EC","+593 96 399 1023",,,"online","active"
64,"Vet Spirit Clínica Veterinaria","Guayaquil, Ecuador","Guayaquil","EC",,,"https://www.instagram.com/p/DKM7cAyOWsA/","online","active"
65,"DOGE Petshop & Grooming","Guayaquil, Ecuador","Guayaquil","EC","+593 99 925 8422",,"https://www.instagram.com/dogepetshop/","online","active"
66,"Dr. Pet (Circunvalación)","Circunvalación Sur 216","Guayaquil","EC","+593 98 636 3000",,"https://www.instagram.com/drpetguayaquil","physical","active"
67,"Pet's Point (Av. 12 de Octubre)","Av. 12 de octubre y Orellana","Cuenca","EC","+593 98 572 5025",,"https://www.instagram.com/petspoint.ec/","physical","active"
68,"María Rodríguez","Av. Villa España, Calle 2 Salamanca","Guayaquil","EC","+593 99 153 2076",,,"online","inactive"
69,"Erika León","Parque Chile","Guayaquil","EC","+593 99 731 8399",,,"physical","active"
70,"Pet Point Buena Vista Plaza","Av. Samborondon 1, Samborondon 092301","Guayaquil","EC","+593 4 393 0160",,"https://www.instagram.com/petspoint.ec/","physical","active"
71,"Farmapet","Olmedo y Guayas","Machala","EC","+593 98 738 6772",,,"physical","active"
72,"Supercan","Olmedo & Guayas, Machala, Ecuador","Machala","EC","+593 93 960 5759",,,"physical","active"
73,"Veterinaria Dr. Correa","Sucre y Santa Rosa","Machala","EC","+593 99 887 2163",,,"online","inactive"
74,"Vinyo","Napoleón Mera y Rocafuerte","Machala","EC","+593 99 927 8968",,,"physical","active"
75,"VetCirugía","Buenavista y 9na Norte","Machala","EC","+593 99 597 5026",,,"physical","active"
76,"Consultorio Veterinario León","1º de Mayo y 10 de Agosto","Huaquillas","EC","+593 96 988 2396",,,"physical","active"
77,"Dylan","Av. La República","Huaquillas","EC","+593 99 283 1470",,,"physical","active"
78,"Veterinaria San Pablo","Calle VP","El Guabo","EC","+593 96 883 3375",,,"physical","active"
79,"Hospital Veterinario de Especialidades Sinaí","Quito, Ecuador","Quito","EC","+593 97 920 8000",,"https://www.instagram.com/hvdes.ec/?hl=es","online","active"
80,"Cachorritos Shopping","Quito, Ecuador","Quito","EC","+593 99 874 0972",,,"online","active"
81,"Doge Petshop (Puembo)","Puembo, Ecuador","Puembo","EC","+593 98 364 7799",,,"online","active"
82,"Pets Point (Intervalles)","Av. 2 de Agosto, Quito, Ecuador","Quito","EC","+593 98 572 5025",,,"physical","active"
83,"Vet Spirit (Tumbaco)","Tumbaco, Ecuador","Quito","EC","+593 98 398 9951",,,"online","active"
84,"Lord Guau","Cumbayá, Quito, Ecuador","Quito","EC","+593 99 949 2899",,,"online","active"
85,"VetSalud","Av. América y Villalengua","Quito","EC","+593 96 243 2800",,,"physical","active"
86,"Pet Stylists","Cumbayá, Quito, Ecuador","Quito","EC","+593 98 450 6450",,,"online","active"
87,"Vet Care Center (Sangolquí)","Sangolquí","Quito","EC","+593 98 425 2136",,,"physical","active"
88,"Vet Care Center (La Coruña)","La Coruña","Quito","EC","+593 99 994 1093",,,"physical","active"
89,"Vet Care Center (Cumbayá)","Cumbayá (reservorio)","Quito","EC","+593 98 326 4447",,,"physical","active"
90,"Mascotamoda","Av. Rubio de Arévalo y Valladolid","Quito","EC","+593 99 560 9758",,,"physical","active"
91,"Con Patitas","Av. Diez de Agosto y Eloy Alfaro","Quito","EC","+593 97 931 1251",,,"physical","active"
92,"Pet Shop Mundo Animal (Llano Grande)","Av. Carapungo Oe8-500 y Calixto Muzo Sector Llano Grande","Quito","EC","+593 99 362 9877",,,"physical","active"
93,"Pet Shop Mundo Animal (La Kennedy)","Gonzalo Zaldumbide y Víctor Garcés La Kennedy","Quito","EC","+593 99 362 9877",,,"physical","active"
94,"Cachorritos (La Kennedy)","Capitán Ramón Borja E4-76 y César Dávila sector La Kennedy","Quito","EC","+593 99 874 0972",,,"physical","active"
95,"Hospital Sinaí (La Prensa)","Av. De La Prensa 70-174","Quito","EC","+593 97 920 8000",,,"physical","active"
96,"Comisariato de la Mascota República","Antonio de Ulloa y Av. Republica","Quito","EC","+593 99 957 5940",,,"physical","active"
97,"Comisariato de la Mascota Portugal","Portugal y 6 de Diciembre","Quito","EC","+593 99 955 9659",,,"physical","active"
98,"Comisariato de la Mascota 6 De Diciembre","Av. De Los Granados E10-245 y Av. 6 De Diciembre, Esquina","Quito","EC","+593 99 056 7640",,,"physical","active"
99,"Guau Wash Peluquería canina","Manuel de Echeandia N76, Quito 170303","Quito","EC","+593 99 274 3867",,,"physical","active"
100,"Alimpet","Ambato, Ecuador","Ambato","EC","+593 99 194 0957",,,"online","active"
101,"Clínica Veterinaria Royal Hound","Ambato, Ecuador","Ambato","EC","+593 99 557 1188",,,"online","active"
102,"Carlos Emilio Grijalva","Carlos Emilio Grijalva 25, Ibarra, Ecuador","Ibarra","EC","+593 98 396 2309",,,"physical","active"
103,"Dr. Jhonatan Benítez","Loja, Ecuador","Loja","EC","+593 96 956 4318",,,"online","active"
104,"Tekel Vet","Loja, Ecuador","Loja","EC","+593 99 121 6605",,,"online","active"
105,"Adolfo Morán","1 De Mayo","Portoviejo","EC","+593 99 658 5593",,,"physical","active"
106,"Albergue El Perro Feliz","Via S. Clemente","Bahía de Caráquez","EC","+593 99 783 6187",,,"physical","active"
107,"VetsClinic","Av. 10 de Agosto y Pichincha","Quito","EC","+593 99 250 4508",,,"physical","active"
108,"Love Wash","Alfonso Moreno Mora y José Escudero Reyes","Cuenca","EC","+593 98 383 9836",,,"physical","active"
109,"Vet COB","Jacinto Jijón y González Suárez","Cuenca","EC","+593 98 085 5500",,,"physical","active"
110,"Hernán Aguirre","Mercado 12 de Abril","Cuenca","EC","+593 99 257 6865",,,"physical","active"
111,"Adrián Calle","Ricaurte, Ecuador","Ricaurte","EC","+593 98 283 8630",,,"physical","active"
112,"Franco Morales","Centro Cuenca","Cuenca","EC","+593 98 398 1771",,,"physical","active"
113,"Pet Hospital","Calle Ramón Peralta #34 esquina Onésimo Jiménez","Santiago de los Caballeros","DO","+1 809 850 2143",,"https://www.instagram.com/pethospitalrd?igsh=MWtkbWRwOW1ybDg1aA==","physical","active"
114,"Mundo Animal","Av. 27 Feb,No.35 Esq. Germán Soriano","Santiago de los Caballeros","DO","+1 809 971 6339",,"https://www.instagram.com/mundoanimalclinicaveterinaria?igsh=MWc4ZW1mM3doamMxeQ==","physical","active"
115,"Zoona Animal","Calle Federico C. Álvarez, esq. Aquiles Ramírez #38 Reparto Oquet, Los Jardines","Santiago de los Caballeros","DO","+1 809 612 7067",,"https://www.instagram.com/zoonaanimalvet?igsh=MWRhYmRpaXhoMDN6YQ==","physical","active"
116,"Vetboca","Independencia #25 centro de la ciudad, Santiago de los Caballeros","Santiago de los Caballeros","DO","+1 809 350 9000",,"https://www.instagram.com/vetbocard?igsh=MW10dml1Z3g2MWM0Zw==","physical","active"
117,"Cera Vet","Av. Yapur Dumit Esq. Valle Verde 1","Santiago de los Caballeros","DO","+1 809 610 4820",,"https://www.instagram.com/ceraveterinaria?igsh=MXU4Z3hlYTdqaXJheA==","physical","active"
118,"Cachita","Calle 20, La Española","Santo Domingo","DO","+1 809 226 1576",,"https://www.instagram.com/cvcachita?igsh=MW1qMGV6bWpieHloOA==","physical","active"
119,"Zoolandia","C. Marginal #12, Los Alamos","Santiago de los Caballeros","DO","+1 809 806 8440",,"https://www.instagram.com/zoolandiard?igsh=MWk1cmhubjlubXIxMg==","physical","active"
120,"Super Mascota 1","Carretera Don Pedro #28 esq C/Primera Hoya Del Caimito","Santiago de los Caballeros","DO","+1 809276 9878",,"https://www.instagram.com/vetsupermascotard?igsh=bXVmYWJ2MHNvdXNr","physical","active"
121,"Super Mascota 2",,"Santiago","DO",,,"https://www.instagram.com/vetsupermascotard?igsh=bXVmYWJ2MHNvdXNr","online","inactive"
122,"Pet Palace","C.9, Santiago de los Caballeros 51000","Santiago de los Caballeros","DO","+1 829 820 2023",,"https://www.instagram.com/petpalace_stgo?igsh=NzJtNTlpbmcyb2Y0","physical","active"
123,"Dog Planet","Av. Rafael Vidal #7, El Embrujo","Santiago de los Caballeros","DO","+1 809 669 2121",,"https://www.instagram.com/dogplanet.rd?igsh=MXU0cHRlZjYyZ2Z4dQ==","physical","active"
124,"Hda Urbana",,"Santiago","DO",,,"online","inactive"
125,"Colita Feliz","Matanzas, República Dominicana","Matanzas","DO","+1 829 934 8895",,"https://www.instagram.com/clinica_vet_colita_feliz?igsh=MXg4amh6djNobWZjYg==","physical","active"
126,"Ed Paradise","Santiago, República Dominicana","Santiago","DO","+1 849 476 5050",,"https://www.instagram.com/animalparadise.pet?igsh=bm5lYW15N3cwaHU4","physical","active"
127,"Elite Animals",,"Santiago","DO",,,"online","inactive"
128,"Happy Pet",,"Santiago","DO",,,"online","inactive"
129,"Mascotitas",,"Santiago","DO",,,"online","inactive"
130,"Caninn","Calle B, Santiago de los Caballeros","Santiago de los Caballeros","DO","+1 829 577 2141",,"https://www.instagram.com/caninnrd?igsh=Mmo4ODZpM2d2Nmhl","physical","active"
131,"Groovet","Plaza Mariano Escoto, Av. Rómulo Betancour 65","Santo Domingo","DO","+1 829 953 3344",,"https://www.instagram.com/groovet.rd?igsh=bGJycTRmNWN6NXUx","physical","active"
132,"Cachorrolandia","Bella Vista, Calle Gaspar Polanco #322","Santo Domingo","DO","+1 849 803 4587",,"https://www.instagram.com/cachorrolandia.petshop?igsh=ejJ6YTNjbTQ0eXMz","physical","active"
133,"Fido Pet Shop",,"Distrito Nacional","DO",,,"online","inactive"
134,"Waggy Tails",,"Distrito Nacional","DO",,,"online","inactive"
135,"Animals","C. Republica Dominicana, 42000 Bonao, República Dominicana","Bonao","DO",,,"physical","active"
136,"Dr Mena","C/ 1ra Res. Doña Dilia, edif. A local 105, 11106","Santo Domingo","DO","+1 809 532 8293",,"https://www.instagram.com/veterinariamena?igsh=MTBrN3MxdHhtOWZvMw==","physical","active"
137,"Grooming Studio","Av. Ing. Roberto Pastoriza 202 Santo Domingo 10121","Santo Domingo","DO","+1 809 683 7878",,"https://www.instagram.com/groomingstudiord?igsh=cngxc3VmcmVoeGQy","physical","active"
138,"Hosp Vet Real","Mata Hambre, La Feria","Santo Domingo","DO","+1 809 535 8872",,"https://www.instagram.com/hospitalveterinarioreal?igsh=Z2Q1Y3BmMzRhZmRt","physical","active"
139,"Pilis Vet","C/ Obras Viales, 1B#, El Millón","Santo Domingo","DO","+1 809 654 3436",,"https://www.instagram.com/pilisvet?igsh=djkyOWNpa3c3bGI0","physical","active"
140,"Pet Medicine","Av. Italia #27, casi esq. Av. José Contreras, Honduras","Santo Domingo","DO","+1 809 532 8981",,"https://www.instagram.com/petmedrd?igsh=czBpMXkwbjdmcHVx","physical","active"
141,"Fundación Pets Breeding","Santo Domingo, República Dominicana","Santo Domingo","DO","+1 809 735 5571",,"https://instagram.com/petsbreedingcontrol","online","active"
142,"Veterinaria Flaquer","Calle Fray Juan de Utera 15, La Romana","La Romana","DO","+1 839 619 5055",,"https://www.instagram.com/veterinariaflaquer?igsh=djltbHRwNnk2ZXk2","physical","active"
143,"Vet Zone","Calle Los Cocos entre la Av. Pedro A. Rivera y carretera Duarte Vieja","Santiago de los Caballeros","DO","+1 849 880 5128",,"https://www.instagram.com/vet_zonelv?igsh=MW9hdm1uM2ZmNzhqZw==","physical","active"
144,"Mocanis","Av. Coronel Lora Fernández, Moca","El Higüerito","DO","+1 809 477 7963",,"https://www.instagram.com/mocaniscv?igsh=ajBsbjN5YzRlaXpt","physical","active"
145,"Sahueso","Calle 16 de Agosto/ Calle Independencia","Santiago de los Caballeros","DO","+1 829 766 1575",,"https://www.instagram.com/sahueso_centro_vet?igsh=cnRtb3hpanFmNmJt","physical","active"
146,"Vet Friendly","Calle Duarte No. 275, Mao","Santa Cruz de Mao","DO","+1 809 572 5265",,"https://www.instagram.com/vetfriendlyrd?igsh=ZnByY3k3NG9meXMx","physical","active"
147,"Faunatika Pet Shop","Carretera Veron-Punta Cana #106, Plaza Casa Holanda, local #1","Punta Cana","DO","+1 809 795 0770",,,"physical","active"
148,"La Paloma",,"Bonao","DO",,,"online","inactive"
149,"Clínica Vet América","Av. Sabana Larga, Santo Domingo Este 11901","Santo Domingo","DO","+1 809 596 8594",,"https://www.instagram.com/clinicaveterinariaamericas","physical","active"
150,"Vet Del Este","Av. Sabana Larga 89, Santo Domingo Este","Santo Domingo Este","DO","+1 809 596 8594",,,"physical","active"
151,"Pet Shop Cachorros Dominicanos","Autop. de San Isidro, Santo Domingo Este, República Dominicana","Santo Domingo Este","DO","+1 849 585 5757",,"https://instagram.cl/cachorrosdominicanos","physical","active"
152,"Vet Serie 23","C. Adolfo Pérez Sánchez 11, San Pedro de Macorís 21000","San Pedro de Macorís","DO","+1 809 246 0202",,"https://www.instagram.com/clinica_veterinaria_serie23/","physical","active"
153,"Clínica Veterinaria Dra. Judy Martinez","Av. Independencia, San Pedro de Macorís 21000","San Pedro de Macorís","DO","+1 809 529 5936",,"https://instagram.com/vetjudymartinez","physical","active"
154,"Coco Dog","Calle 30 de Marzo","Santiago de los Caballeros","DO","+1 829 845 7324",,"https://www.instagram.com/cocodogveterinary?igsh=NGNvbGtjOTRicTkx","physical","active"
155,"Clínica Veterinaria Valar","C. Juan Pablo Duarte, Las Terrenas 32000","Las Terrenas","DO","+1 829 812 2323",,"https://instagram.com/veterinaria.valar","physical","active"
156,"Koketitos Peluqueria de Mascotas","Mella, Higüey 23000","Higüey","DO","+1 829 340 7825",,"https://instagram.com/koketitos_","physical","active"
157,"Veteribaria San Felipe","4 Av. 3-36 Amatitlán Zona 1","Amatitlán","GT","+502 66331249",,,"physical","active"
158,"Mascotas Clínica Veterinaria 912","4 Avenida 4-80 Amatitlán","Amatitlán","GT","+502 59063228",,,"physical","active"
159,"Pet Shop Concentidos y Nuditos","Residénciales Valles de la Mariposa 6ta Av. 2-03","Amatitlán","GT","+502 43771109",,,"physical","active"
160,"Mundo Animal","Local 93 D sector 9 Int. Mercado","Antigua Guatemala","GT","+502 33273749",,,"physical","active"
161,"Galilea","Antigua GT, Sacatepéquez","Antigua GT","GT","+502 53683950",,,"online","inactive"
162,"Pets","5 av. poniente #7 Antigua calzada Santa Lucía, Sacatepéquez","Antigua GT","GT","+502 59063228",,,"online","inactive"
163,"Hospital Veterinario Vet 4Pets","3 calle lote 1A3 zona 6 colonia Sauzalito","Ciudad de Guatemala","GT","+502 59007110",,,"physical","active"
164,"Sucoth Pet Shop","Km. 55.5 Interamericana cc. andaría local 1","CHIMALTENANGO","GT","+502 57380776",,,"physical","active"
165,"Merivet","2 av 1-54 zona 1 Chimaltenango","Chimaltenango","GT","+502 45219901",,,"physical","active"
166,"Veterinaria Santa Luisa","3 calle lote 1A3 zona 6 colonia Sauzalito","Chinautla","GT","+502 35570216",,,"physical","active"
167,"Veterinaria Santa Luisa (2)","3 calle lote 1A3 zona 6 colonia Sauzalito","Chinautla","GT","+502 39576997",,,"online","inactive"
168,"Concentrados Adonai","2 Av. 10-94 zona 1","Escuintla","GT","+502 30807729",,,"physical","active"
169,"Veterinaria Santa María","3 Av. manzana H lote 1 zona 2 alamedas de conacaste","Escuintla","GT","+502 55559443",,,"online","inactive"
170,"Agropecuaria El Rejo","Carr. a El Salvador 01062, Guatemala","Fraijanes","GT","+502 48244470",,,"physical","active"
171,"Premium Pet","2 Av. 34-10 zona 8 Bolivar","Ciudad de Guatemala","GT","+502 58515327",,,"physical","active"
172,"Venta de concentrados Joshua","15A 10-44 Ext. Mercado 3 de Mayo zona 6","Villa Nueva","GT","+502 55114571",,,"physical","active"
173,"Concentrados Spencer","18 Av. D 11-15 Venezuela zona 21","Ciudad de Guatemala","GT","+502 42521109",,,"physical","active"
174,"Pet Shop WR","Canalitos, Cdad. de Guatemala, Guatemala","Ciudad de Guatemala","GT","+502 53696212",,,"physical","inactive"
175,"Centro Veterinario Animal Planet","Diagonal 6 14-30 Oakland zona 10","Ciudad de Guatemala","GT","+502 30994962",,,"physical","active"
176,"Hospital Veterinario","4 calle 20 Av. 4-07 zona 14","Ciudad de Guatemala","GT","+502 32720706",,,"physical","active"
177,"Pet King's C","Centro Comercial el Pulte local 2 zona 16","Ciudad de Guatemala","GT","+502 55553231",,,"physical","active"
178,"K'Ras Pet","35 Calle 24 Av. 35-17 local C, C.C. Piedra Vista Hacienda Real zona 16","Ciudad de GT","GT","+502 32807500",,,"online","inactive"
179,"Hospital Veterinario Exotic","4 calle 4-31 zona 10","Ciudad de GT","GT","+502 31313031",,,"online","inactive"
180,"Corpo Vet","3 calle 3-57 zona 10","Ciudad de GT","GT","+502 30715791",,,"online","inactive"
181,"Hospital Veterinario Médico Vet","12 calle b 38-53 zona 5 Jardines Asunción norte","Ciudad de GT","GT","+502 22285152",,,"online","inactive"
182,"Veterinaria Colindres","Avenida bolivar 31-05 zona 8","Ciudad de GT","GT","+502 24715738",,,"online","inactive"
183,"Happy Dog PET Shop","Diagonal 17 24-40 Avenida Mariscal zona 11 CC Cerca local 04","Ciudad de GT","GT","+502 24421602",,,"online","inactive"
184,"Cento Médico Veterinario Bobadilla","Boulevard VH 16-76 zona 15","Ciudad de GT","GT","+502 55146586",,,"online","inactive"
185,"Cemivet","22 Avenida 34-59 zona 12 Santa Elisa","Ciudad de GT","GT","+502 24417550",,,"online","inactive"
186,"Medical Vet","7 Calle Ruta 5 7-22 zona 4 Edificio Atom 4 oficina 201 B","Ciudad de GT","GT","+502 45794453",,,"online","inactive"
187,"Veternaria Santa Laura","33 avenida 30-81 Apto B zona 7","Ciudad de GT","GT","+502 41768840",,,"online","inactive"
188,"Mi Mascota","Avenida Las Américas 17-24 zona 13 local 1","Ciudad de GT","GT","+502 22927344",,,"online","inactive"
189,"Clinica Veterinaria Animalarie","24 calle final boulevard hospital militar 12-70 c.c Paseo san Isidro local 15 zona 16","Ciudad de GT","GT","+502 22565548",,,"online","inactive"
190,"Como Reyes","Boulevard Hospital Militar Plaza Santa Amelia local 16 zona 16","Ciudad de GT","GT","+502 59833263",,,"online","inactive"
191,"Veterinaria Pet Zoo Food","15 Calle, 10 Avenida 15-08 zona 11 colonia mariscal","Ciudad de GT","GT","+502 55563338",,,"online","inactive"
192,"Pet Medic","Km 18.5 carretera al Salvador El Tajin casa 9 Veterinaria pet Medic","Ciudad de GT","GT","+502 46111362",,,"online","inactive"
193,"Fluff & Buff","Avenida Hincapié 14-33 zona 13","Ciudad de GT","GT","+502 51814669",,,"online","inactive"
194,"Dogtora","Boulevard centro Médico Militar 15-51 zona 16 C.C Fatima zona 16","Ciudad de GT","GT","+502 43409982",,,"online","inactive"
195,"Veterinaria Animals","Avenida mariscal diagonal 17 21-11 colonia mariscal zona 11","Ciudad de GT","GT","+502 58397151",,,"online","inactive"
196,"Veterinaria Petit Vet","24av 30-24 Hacienda Real zona 16 Plaza Real","Ciudad de GT","GT","+502 30424257",,,"online","inactive"
197,"Pet Shop Barbudogs","11 calle 12-00 local A zona 17 colonia Meyer","Ciudad de GT","GT","+502 30097295",,,"online","inactive"
198,"Médico Veterinario (San Antonio Las Charcas)","30 calle 9-61 zona 11, condominio San Antonio las charcas casa 43","Ciudad de GT","GT","+502 57031429",,,"online","inactive"
199,"Veterinaria Agrolombriz","Km 7.5 ruta al Atlántico centro comercial plaza san Rafael zona 18 local 39","Ciudad de GT","GT","+502 57375151",,,"online","inactive"
200,"Veterinaria De Pocas Pulgas","2 avenida 20-50 zona 3","Ciudad de GT","GT","+502 36218310",,,"online","inactive"
201,"Veterinaria Vet Clean","14 calle 16-00 Centro Comercial Nimacentro local 4 colonia Nimajuyu 1, zona 21uyu","Ciudad de GT","GT","+502 56970256",,,"online","inactive"
202,"Pet Shop Kalú","Km 14.1 carretera Salvador C.c. paseo San Sebastian local 77-78 2do nivel","Ciudad de GT","GT","+502 31665588",,,"online","inactive"
203,"Médico Veterinario (Ciudad)","Ciudad GT","Ciudad de GT","GT","+502 45649550",,,"online","inactive"
204,"Animal Lovers","4 av 16-15 casa catorze zona14 local 5","Ciudad de GT","GT","+502 37190162",,,"online","inactive"
205,"La Pet","20 calle 39-32 zona 5 Plaza Real Asuncion local 7","Ciudad de GT","GT","+502 46897071",,,"online","inactive"
206,"Médico Veterinario (La Reina)","25 avenida lote 216 colonia la reina zona 6","Ciudad de GT","GT","+502 50297701",,,"online","inactive"
207,"Veterinaria Cachorros","10 avenida 1-22 zona 1 ciudad GT","Ciudad de GT","GT","+502 58682941",,,"online","inactive"
208,"Hospital De Mascotas Mariscal","Avenida mariscal diagonal 17 15-26 zona 11","Ciudad de GT","GT","+502 41193514",,,"online","inactive"
209,"Hospital Veterinario San Juan","Calzada San Juan 8-61 zona 7","Ciudad de GT","GT","+502 41193514",,,"online","inactive"
210,"Paws (El Zapote)","3 avenida final 17-36 zona 2 plaza portal El Zapote","Ciudad de GT","GT","+502 31378012",,,"online","inactive"
211,"Paws (Cayalá)","Blv Rafael Landivar Cayala plaza Nogales local 10c Zona 15","Ciudad de GT","GT","+502 33746447",,,"online","inactive"
212,"Paws (Carretera al Atlántico)","Km 4 carretera al Atlántico zona 17","Ciudad de GT","GT","+502 38057114",,,"online","inactive"
213,"Veterinaria Athenas","13 avenida 7-01 calle colonia 5ta Samayoa zona 7","Ciudad de GT","GT","+502 47407352",,,"online","inactive"
214,"PawMed","10 av A 2 -42 zona 15 Colonia Tecun Uman","Ciudad de GT","GT","+502 59379548",,,"online","inactive"
215,"My Family Pet","Ciudad GT","Ciudad de GT","GT","+502 37344246",,,"online","inactive"
216,"Mascolandia","33 avenida A 7-93 zona 7","Ciudad de GT","GT","+502 56278433",,,"online","inactive"
217,"Veterinaria Amazonia","45 calle 19-40 zona 12, centro comercial Gran Portal Petapa local S8","Ciudad de GT","GT","+502 40351652",,,"online","inactive"
218,"Paws (Cascata)","C.c plaza Cascata VH IV local 5 sotano 1 zona 16","Ciudad de GT","GT","+502 59997158",,,"online","inactive"
219,"Pet Market","11 calle 12-20 zona 17, lomas del norte interior plaza Lomas local 11 y 12","Ciudad de GT","GT","+502 42116477",,,"online","inactive"
220,"Pet Shop Mi Amigo Fiel","33 avenida 23-70 zona 7","Ciudad de GT","GT","+502 54663666",,,"online","inactive"
221,"Veterinaria Animall","1 calle 16-16 zona 1 ciudad capital","Ciudad de GT","GT","+502 30213035",,,"online","inactive"
222,"Best Friends","Sector 1 Manzana D casa 42 segundo nivel residenciales los olivos zona 18","Ciudad de GT","GT","+502 56303418",,,"online","inactive"
223,"Paws (Peri Roosvelth)","Centro comercial Peri Roosvelth Sótano Plaza F1","Ciudad de GT","GT","+502 30318293",,,"online","inactive"
224,"Veterinaria Sofi Land","Avenida Petapa 47-79 Plaza Grecia local 5, zona 12","Ciudad de GT","GT","+502 22547197",,,"online","inactive"
225,"Veterinaria Safari","4 calle 11-72 zona 1","Ciudad de GT","GT","+502 41829477",,,"online","inactive"
226,"Total Express","10 av 10-50 zona 14 plaza futeca local 17","Ciudad de GT","GT","+502 56327709",,,"online","inactive"
227,"Hector's Pet Shop","6 Av. 0-02 Zona 1","Mazatenango","GT","+502 56172642",,,"online","inactive"
228,"Mi Mascota","3 calle 2-27 Zona 1","Mazatenango","GT","+502 54719754",,,"online","inactive"
229,"Veterinaria Huellas","3 calle 5-44 Zona 1","Mazatenango","GT","+502 56436930",,,"online","inactive"
230,"Famavet","10Av. 1-61 Nueva Monserrat Zona 3","Mixco","GT","+502 55501277",,,"online","inactive"
231,"Veterinaria Word & Meow","30 calle E 5-30 Colonia la Bendición 2, zona 10 Mixco, La Comunidad","Mixco","GT","+502 37791174",,,"online","inactive"
232,"Pet's House","Calzada San Juan 2-33 zona 7 de Mixco, local 19, comercial jardines de san juan","Mixco","GT","+502 35922326",,,"online","inactive"
233,"Veterinaria Bello Vet","3era. Calle 6-48 San Cristóbal Local 2, Centro Comercial Real Villa","Mixco","GT","+502 59516828",,,"online","inactive"
234,"Veterinaria Arriagada","Calzada San Juan, 0 calle 3-21. Col. Monte Verde z. 4","Mixco","GT","+502 57713179",,,"online","inactive"
235,"Veterinaria Súper Vet","Pinares de San Cristobal 18 av 2-80 san Cristóbal 2 sector B4","Mixco","GT","+502 40674861",,,"online","inactive"
236,"Masco Vet","2 calle 14-45 Pinares de San Cristóbal zona 8","Mixco","GT","+502 52759020",,,"online","inactive"
237,"Veterinaria Pecas","18 avenida 3-94 sector B7, San Cristóbal 2 zona 8","Mixco","GT","+502 56945842",,,"online","inactive"
238,"Clínica Veterinaria Pet Market","3 calle 12-91 ciudad San Cristóbal zona 8 Mixco Centro Comercial El Boulevard local 10","Mixco","GT","+502 43634610",,,"online","inactive"
239,"Veterinaria Ozer","6 avenida A 10-12 zona 7 mixco","Mixco","GT","+502 55457117",,,"online","inactive"
240,"Veterinaria Doggo","7 avenida 6-26 zona 1 mixco","Mixco","GT","+502 46233152",,,"online","inactive"
241,"Pet Shop Pelucan","Avenida el cementerio las flores 14-77 zona 7 colonia San Ignacio","Mixco","GT","+502 41132285",,,"online","inactive"
242,"Hospital Veterinario Pet Care","3 calle 11-31 zona 3 colonia Nueva Monserrat","Mixco","GT","+502 40425813",,,"online","inactive"
243,"Pet Shop Huellitas","2 calle 7-33 plaza Alux local 2 y 3 zona 1 Mixco","Mixco","GT","+502 36148421",,,"online","inactive"
244,"Veterinaria Doctora De Mascotas","10 calle 11-61 zona 3 colonia Nueva Monserrat","Mixco","GT","+502 57168759",,,"online","inactive"
245,"Veterinaria Pulgarcito","13 calle 7-91 zona 11 colinas de Minerva","Mixco","GT","+502 50942704",,,"online","inactive"
246,"Concentrados Judá","6 avenida 7-40 zona 1 villa Mixco","Mixco","GT","+502 36602175",,,"online","inactive"
247,"Pet Shop Honey Pet","Calle de los pinos 13- 06 colonia San Ignacio zona 7","Mixco","GT","+502 35880545",,,"online","inactive"
248,"Home Vet","Boulevard Balcon 5 av 3-19 zona 8 Mixco San Cristobal","Mixco","GT","+502 32351130",,,"online","inactive"
249,"Médico Veterinario (El Naranjo)","Condado el Naranjo Villas Oviedo torre 9 Apto 104 zona 4","Mixco","GT","+502 38119056",,,"online","inactive"
250,"Veterinaria Milus","Calzada San Juan 11-83 y 11-89 zona 4","Mixco","GT","+502 37580161",,,"online","inactive"
251,"Veterinaria Pet House","5 avenida 11-16 colonia 1ro de julio zona 5","Mixco","GT","+502 45820308",,,"online","inactive"
252,"Veterinaria Taracena","Boulevard Tulam Tzu zona 4 mixco centro comercial la cúpula local 4","Mixco","GT","+502 32110015",,,"online","inactive"
253,"Hospital Veterinario San Pablo","0 calle 0-59 A Monserrat 1 zona 4 de Mixco","Mixco","GT","+502 57713179",,,"online","inactive"
254,"Veterinaria Muttz","4 avenida 4-34 zona 7 mixco colonia Belen","Mixco","GT","+502 35870299",,,"online","inactive"
255,"La Veterinaria","Calzada mateo flores 3-51 zona 3 Mixco colonia kajabal","Mixco","GT","+502 53476967",,,"online","inactive"
256,"Veterinaria Pets Life","Avenida Cementerio las flores 13-21 zona 7, Mixco Centro Comercial Los pinos local 1","Mixco","GT","+502 54860666",,,"online","inactive"
257,"Veterinaria Pet It","Blvd bosques de san Nicolás 24-53 centro comercial Plaza Naranjo local #27","Mixco","GT","+502 54005200",,,"online","inactive"
258,"Pet Shop D Pelos","Avenida cementerio las flores 11-77 zona 7, mixco","Mixco","GT","+502 30327146",,,"online","inactive"
259,"Veterinaria E & D","41 avenida 3-10 zona 4 , Mixco Miini plaza San Nicolás","Mixco","GT","+502 55953615",,,"online","inactive"
260,"Animal Care Center","3 calle 16-70 San Cristobal zona 8 mixco plaza los manantiales local 27","Mixco","GT","+502 55913195",,,"physical","active"
261,"Disof","Boulevard Sur 6 av 9-95 sector c1 ciudad san cristobal zona 8","Mixco","GT","+502 36784870",,,"online","inactive"
262,"Veterinaria Integrada Familiar","10 avenida 15-80 zona 3, colonia Alvarado Mixco","Mixco","GT","+502 22862476",,,"online","inactive"
263,"Médico Veterinario (San Nicolás)","31avenida 3-52 zona 4, Mixco bosques de San Nicolás","Mixco","GT","+502 34843179",,,"online","inactive"
264,"Pet Shop 1 Huellita","avenida 11A-19 zona 7 Los Trigales","Quetzaltenango","GT","+502 33154972",,,"online","inactive"
265,"Agroveterinaria Wolmi","15 Avenida, Quetzaltenango, Guatemala","Quetzaltenango","GT","+502 54495239",,,"physical","active"
266,"Comcentrados Dany","29 avenida 12-77, Los Trigales Xela","Quetzaltenango","GT","+502 46150656",,,"online","inactive"
267,"Comcentrados La Viña","5 calle zona 1 San José La Viña La Cantera","Quetzaltenango","GT","+502 59975856",,,"online","inactive"
268,"Zoo Mascotas","9 calle 25-57 Zona 3","Quetzaltenango","GT","+502 42569786",,,"online","inactive"
269,"Agro Reu P","Retalhuleu, Guatemala, 1 Av. Final 5-88 D zona 4 Barrio Monterrey","Retalhuleu","GT","+502 47997272",,,"physical","active"
270,"Veterinaria Animal Health","4 Calle 5-05 zona 6","Retalhuleu","GT","+502 38474473",,,"online","inactive"
271,"Veterinaria Huellitas","5av 2-59 zona 1","Retalhuleu","GT","+502 58218265",,,"online","inactive"
272,"Veterinaria Santa Cecilia","San Pedro el alto lote #11 sección i Antigua GT","Sacatepéquez","GT","+502 55952533",,,"online","inactive"
273,"Veterinaria Vet Pro","Km 47 carretera Ciudad Vieja casa 1 Antigua GT","Sacatepéquez","GT","+502 57324808",,,"online","inactive"
274,"Vet Friend","3calle A 4-16 local 1 zona 3","San Bartolomé Milpas Altas","GT","+502 52721579",,,"online","inactive"
275,"Distribución Praeo","8 AV. 1-41 Z. 3","San José Pinula","GT","+502 30300594",,,"online","inactive"
276,"Clínica Veterinaria (El Faro)","Km 17.4 carretera San José Pinula centro comercial el Faro local 40","San José Pinula","GT","+502 66374142",,,"online","inactive"
277,"Agrofertil","8 Avenida 10-08 Zona 4","San José Pinula","GT","+502 54207053",,,"online","inactive"
278,"Bigotes","Km16.5 carretera san jose pinula c.c Vilaflor","San José Pinula","GT","+502 37578604",,,"online","inactive"
279,"Animal Life","10a. Calle 10-04 zona 4","San Juan Sacatepéquez","GT","+502 58632217",,,"online","inactive"
280,"Agropecuaria San Miguel","7 Avenida 514, San Juan Sacatepéquez, Guatemala","San Juan Sacatepéquez","GT","+502 40922693",,,"physical","active"
281,"Veterinaria Blue Pet","0 calle 2-59 plaza San Angel local 12","San Lucas Sacatepéquez","GT","+502 50635741",,,"online","inactive"
282,"Distribuidora Anahias","20 Calle 33-86 Apto B Villa Hermosa 1 Blvd Principal Zona 7","San Miguel Petapa","GT","+502 48677947",,,"online","inactive"
283,"Concentrados Alba","20 Calle 32-92 Zona 7 Villa Hermosa","San Miguel Petapa","GT","+502 31121803",,,"online","inactive"
284,"Hospital Veterinario San Pedro","Centro comercial Paseo villa hermosa local 11 zona 7","San Miguel Petapa","GT","+502 24805521",,,"online","inactive"
285,"Pet Shop Patitas y Garritas","1a avenida 3-05 zona 3 Residenciales Rivera del Rio","San Miguel Petapa","GT","+502 55393442",,,"online","inactive"
286,"Concentrados La Popular","20 calle 34-16zona 7 san Miguel Petapa, villa Hermosa","San Miguel Petapa","GT","+502 47047005",,,"online","inactive"
287,"Médico Veterinario (Muxbal)","Km 18.4 Caes Santuaria Muxbal condominio Los encinos 3 calle casa 18","Santa Catarina Pinula","GT","+502 59512047",,,"online","inactive"
288,"Paws (Puerta Parada)","Aldea puerta parada carretera antigua a El Salvador lote 50 zona 7","Santa Catarina Pinula","GT","+502 50017297",,,"online","inactive"
289,"Happy Pets","Km 14.5 carretera Salvador Puerta Parada Plaza Loren local 8","Santa Catarina Pinula","GT","+502 37647511",,,"online","inactive"
290,"Centro Clínico Veterinario","Km 34.5 carretera hacía Antigua GT","Santa Lucía Milpas Altas","GT","+502 51579622",,,"online","inactive"
291,"Paws (Metrocentro)","Centro comercial Metrocentro Villa Nueva Local 279 Zona 1","Villa Nueva","GT","+502 30341524",,,"online","inactive"
292,"Pet Shop Paul","Av. San José de la Estrella 1157, local g","La Florida","CL","+56 9 2259 8717",,,"physical","active"